{
    "Africa": [
      {
        "name": "Abidjan",
        "offset": "UTC+00:00"
      },
      {
        "name": "Accra",
        "offset": "UTC+00:00"
      },
      {
        "name": "Addis_Ababa",
        "offset": "UTC+03:00"
      },
      {
        "name": "Algiers",
        "offset": "UTC+01:00"
      },
      {
        "name": "Asmara",
        "offset": "UTC+03:00"
      },
      {
        "name": "Asmera",
        "offset": "UTC+03:00"
      },
      {
        "name": "Bamako",
        "offset": "UTC+00:00"
      },
      {
        "name": "Bangui",
        "offset": "UTC+01:00"
      },
      {
        "name": "Banjul",
        "offset": "UTC+00:00"
      },
      {
        "name": "Bissau",
        "offset": "UTC+00:00"
      },
      {
        "name": "Blantyre",
        "offset": "UTC+02:00"
      },
      {
        "name": "Brazzaville",
        "offset": "UTC+01:00"
      },
      {
        "name": "Bujumbura",
        "offset": "UTC+02:00"
      },
      {
        "name": "Cairo",
        "offset": "UTC+03:00"
      },
      {
        "name": "Casablanca",
        "offset": "UTC+01:00"
      },
      {
        "name": "Ceuta",
        "offset": "UTC+02:00"
      },
      {
        "name": "Conakry",
        "offset": "UTC+00:00"
      },
      {
        "name": "Dakar",
        "offset": "UTC+00:00"
      },
      {
        "name": "Dar_es_Salaam",
        "offset": "UTC+03:00"
      },
      {
        "name": "Djibouti",
        "offset": "UTC+03:00"
      },
      {
        "name": "Douala",
        "offset": "UTC+01:00"
      },
      {
        "name": "El_Aaiun",
        "offset": "UTC+01:00"
      },
      {
        "name": "Freetown",
        "offset": "UTC+00:00"
      },
      {
        "name": "Gaborone",
        "offset": "UTC+02:00"
      },
      {
        "name": "Harare",
        "offset": "UTC+02:00"
      },
      {
        "name": "Johannesburg",
        "offset": "UTC+02:00"
      },
      {
        "name": "Juba",
        "offset": "UTC+02:00"
      },
      {
        "name": "Kampala",
        "offset": "UTC+03:00"
      },
      {
        "name": "Khartoum",
        "offset": "UTC+02:00"
      },
      {
        "name": "Kigali",
        "offset": "UTC+02:00"
      },
      {
        "name": "Kinshasa",
        "offset": "UTC+01:00"
      },
      {
        "name": "Lagos",
        "offset": "UTC+01:00"
      },
      {
        "name": "Libreville",
        "offset": "UTC+01:00"
      },
      {
        "name": "Lome",
        "offset": "UTC+00:00"
      },
      {
        "name": "Luanda",
        "offset": "UTC+01:00"
      },
      {
        "name": "Lubumbashi",
        "offset": "UTC+02:00"
      },
      {
        "name": "Lusaka",
        "offset": "UTC+02:00"
      },
      {
        "name": "Malabo",
        "offset": "UTC+01:00"
      },
      {
        "name": "Maputo",
        "offset": "UTC+02:00"
      },
      {
        "name": "Maseru",
        "offset": "UTC+02:00"
      },
      {
        "name": "Mbabane",
        "offset": "UTC+02:00"
      },
      {
        "name": "Mogadishu",
        "offset": "UTC+03:00"
      },
      {
        "name": "Monrovia",
        "offset": "UTC+00:00"
      },
      {
        "name": "Nairobi",
        "offset": "UTC+03:00"
      },
      {
        "name": "Ndjamena",
        "offset": "UTC+01:00"
      },
      {
        "name": "Niamey",
        "offset": "UTC+01:00"
      },
      {
        "name": "Nouakchott",
        "offset": "UTC+00:00"
      },
      {
        "name": "Ouagadougou",
        "offset": "UTC+00:00"
      },
      {
        "name": "Porto-Novo",
        "offset": "UTC+01:00"
      },
      {
        "name": "Sao_Tome",
        "offset": "UTC+00:00"
      },
      {
        "name": "Timbuktu",
        "offset": "UTC+00:00"
      },
      {
        "name": "Tripoli",
        "offset": "UTC+02:00"
      },
      {
        "name": "Tunis",
        "offset": "UTC+01:00"
      },
      {
        "name": "Windhoek",
        "offset": "UTC+02:00"
      }
    ],
    "America": [
      {
        "name": "Adak",
        "offset": "UTC-09:00"
      },
      {
        "name": "Anchorage",
        "offset": "UTC-08:00"
      },
      {
        "name": "Anguilla",
        "offset": "UTC-04:00"
      },
      {
        "name": "Antigua",
        "offset": "UTC-04:00"
      },
      {
        "name": "Araguaina",
        "offset": "UTC-03:00"
      },
      {
        "name": "Argentina/Buenos_Aires",
        "offset": "UTC-03:00"
      },
      {
        "name": "Argentina/Catamarca",
        "offset": "UTC-03:00"
      },
      {
        "name": "Argentina/ComodRivadavia",
        "offset": "UTC-03:00"
      },
      {
        "name": "Argentina/Cordoba",
        "offset": "UTC-03:00"
      },
      {
        "name": "Argentina/Jujuy",
        "offset": "UTC-03:00"
      },
      {
        "name": "Argentina/La_Rioja",
        "offset": "UTC-03:00"
      },
      {
        "name": "Argentina/Mendoza",
        "offset": "UTC-03:00"
      },
      {
        "name": "Argentina/Rio_Gallegos",
        "offset": "UTC-03:00"
      },
      {
        "name": "Argentina/Salta",
        "offset": "UTC-03:00"
      },
      {
        "name": "Argentina/San_Juan",
        "offset": "UTC-03:00"
      },
      {
        "name": "Argentina/San_Luis",
        "offset": "UTC-03:00"
      },
      {
        "name": "Argentina/Tucuman",
        "offset": "UTC-03:00"
      },
      {
        "name": "Argentina/Ushuaia",
        "offset": "UTC-03:00"
      },
      {
        "name": "Aruba",
        "offset": "UTC-04:00"
      },
      {
        "name": "Asuncion",
        "offset": "UTC-04:00"
      },
      {
        "name": "Atikokan",
        "offset": "UTC-05:00"
      },
      {
        "name": "Atka",
        "offset": "UTC-09:00"
      },
      {
        "name": "Bahia",
        "offset": "UTC-03:00"
      },
      {
        "name": "Bahia_Banderas",
        "offset": "UTC-06:00"
      },
      {
        "name": "Barbados",
        "offset": "UTC-04:00"
      },
      {
        "name": "Belem",
        "offset": "UTC-03:00"
      },
      {
        "name": "Belize",
        "offset": "UTC-06:00"
      },
      {
        "name": "Blanc-Sablon",
        "offset": "UTC-04:00"
      },
      {
        "name": "Boa_Vista",
        "offset": "UTC-04:00"
      },
      {
        "name": "Bogota",
        "offset": "UTC-05:00"
      },
      {
        "name": "Boise",
        "offset": "UTC-06:00"
      },
      {
        "name": "Buenos_Aires",
        "offset": "UTC-03:00"
      },
      {
        "name": "Cambridge_Bay",
        "offset": "UTC-06:00"
      },
      {
        "name": "Campo_Grande",
        "offset": "UTC-04:00"
      },
      {
        "name": "Cancun",
        "offset": "UTC-05:00"
      },
      {
        "name": "Caracas",
        "offset": "UTC-04:00"
      },
      {
        "name": "Catamarca",
        "offset": "UTC-03:00"
      },
      {
        "name": "Cayenne",
        "offset": "UTC-03:00"
      },
      {
        "name": "Cayman",
        "offset": "UTC-05:00"
      },
      {
        "name": "Chicago",
        "offset": "UTC-05:00"
      },
      {
        "name": "Chihuahua",
        "offset": "UTC-06:00"
      },
      {
        "name": "Ciudad_Juarez",
        "offset": "UTC-06:00"
      },
      {
        "name": "Coral_Harbour",
        "offset": "UTC-05:00"
      },
      {
        "name": "Cordoba",
        "offset": "UTC-03:00"
      },
      {
        "name": "Costa_Rica",
        "offset": "UTC-06:00"
      },
      {
        "name": "Creston",
        "offset": "UTC-07:00"
      },
      {
        "name": "Cuiaba",
        "offset": "UTC-04:00"
      },
      {
        "name": "Curacao",
        "offset": "UTC-04:00"
      },
      {
        "name": "Danmarkshavn",
        "offset": "UTC+00:00"
      },
      {
        "name": "Dawson",
        "offset": "UTC-07:00"
      },
      {
        "name": "Dawson_Creek",
        "offset": "UTC-07:00"
      },
      {
        "name": "Denver",
        "offset": "UTC-06:00"
      },
      {
        "name": "Detroit",
        "offset": "UTC-04:00"
      },
      {
        "name": "Dominica",
        "offset": "UTC-04:00"
      },
      {
        "name": "Edmonton",
        "offset": "UTC-06:00"
      },
      {
        "name": "Eirunepe",
        "offset": "UTC-05:00"
      },
      {
        "name": "El_Salvador",
        "offset": "UTC-06:00"
      },
      {
        "name": "Ensenada",
        "offset": "UTC-07:00"
      },
      {
        "name": "Fort_Nelson",
        "offset": "UTC-07:00"
      },
      {
        "name": "Fort_Wayne",
        "offset": "UTC-04:00"
      },
      {
        "name": "Fortaleza",
        "offset": "UTC-03:00"
      },
      {
        "name": "Glace_Bay",
        "offset": "UTC-03:00"
      },
      {
        "name": "Godthab",
        "offset": "UTC-01:00"
      },
      {
        "name": "Goose_Bay",
        "offset": "UTC-03:00"
      },
      {
        "name": "Grand_Turk",
        "offset": "UTC-04:00"
      },
      {
        "name": "Grenada",
        "offset": "UTC-04:00"
      },
      {
        "name": "Guadeloupe",
        "offset": "UTC-04:00"
      },
      {
        "name": "Guatemala",
        "offset": "UTC-06:00"
      },
      {
        "name": "Guayaquil",
        "offset": "UTC-05:00"
      },
      {
        "name": "Guyana",
        "offset": "UTC-04:00"
      },
      {
        "name": "Halifax",
        "offset": "UTC-03:00"
      },
      {
        "name": "Havana",
        "offset": "UTC-04:00"
      },
      {
        "name": "Hermosillo",
        "offset": "UTC-07:00"
      },
      {
        "name": "Indiana/Indianapolis",
        "offset": "UTC-04:00"
      },
      {
        "name": "Indiana/Knox",
        "offset": "UTC-05:00"
      },
      {
        "name": "Indiana/Marengo",
        "offset": "UTC-04:00"
      },
      {
        "name": "Indiana/Petersburg",
        "offset": "UTC-04:00"
      },
      {
        "name": "Indiana/Tell_City",
        "offset": "UTC-05:00"
      },
      {
        "name": "Indiana/Vevay",
        "offset": "UTC-04:00"
      },
      {
        "name": "Indiana/Vincennes",
        "offset": "UTC-04:00"
      },
      {
        "name": "Indiana/Winamac",
        "offset": "UTC-04:00"
      },
      {
        "name": "Indianapolis",
        "offset": "UTC-04:00"
      },
      {
        "name": "Inuvik",
        "offset": "UTC-06:00"
      },
      {
        "name": "Iqaluit",
        "offset": "UTC-04:00"
      },
      {
        "name": "Jamaica",
        "offset": "UTC-05:00"
      },
      {
        "name": "Jujuy",
        "offset": "UTC-03:00"
      },
      {
        "name": "Juneau",
        "offset": "UTC-08:00"
      },
      {
        "name": "Kentucky/Louisville",
        "offset": "UTC-04:00"
      },
      {
        "name": "Kentucky/Monticello",
        "offset": "UTC-04:00"
      },
      {
        "name": "Knox_IN",
        "offset": "UTC-05:00"
      },
      {
        "name": "Kralendijk",
        "offset": "UTC-04:00"
      },
      {
        "name": "La_Paz",
        "offset": "UTC-04:00"
      },
      {
        "name": "Lima",
        "offset": "UTC-05:00"
      },
      {
        "name": "Los_Angeles",
        "offset": "UTC-07:00"
      },
      {
        "name": "Louisville",
        "offset": "UTC-04:00"
      },
      {
        "name": "Lower_Princes",
        "offset": "UTC-04:00"
      },
      {
        "name": "Maceio",
        "offset": "UTC-03:00"
      },
      {
        "name": "Managua",
        "offset": "UTC-06:00"
      },
      {
        "name": "Manaus",
        "offset": "UTC-04:00"
      },
      {
        "name": "Marigot",
        "offset": "UTC-04:00"
      },
      {
        "name": "Martinique",
        "offset": "UTC-04:00"
      },
      {
        "name": "Matamoros",
        "offset": "UTC-05:00"
      },
      {
        "name": "Mazatlan",
        "offset": "UTC-07:00"
      },
      {
        "name": "Mendoza",
        "offset": "UTC-03:00"
      },
      {
        "name": "Menominee",
        "offset": "UTC-05:00"
      },
      {
        "name": "Merida",
        "offset": "UTC-06:00"
      },
      {
        "name": "Metlakatla",
        "offset": "UTC-08:00"
      },
      {
        "name": "Mexico_City",
        "offset": "UTC-06:00"
      },
      {
        "name": "Miquelon",
        "offset": "UTC-02:00"
      },
      {
        "name": "Moncton",
        "offset": "UTC-03:00"
      },
      {
        "name": "Monterrey",
        "offset": "UTC-06:00"
      },
      {
        "name": "Montevideo",
        "offset": "UTC-03:00"
      },
      {
        "name": "Montreal",
        "offset": "UTC-04:00"
      },
      {
        "name": "Montserrat",
        "offset": "UTC-04:00"
      },
      {
        "name": "Nassau",
        "offset": "UTC-04:00"
      },
      {
        "name": "New_York",
        "offset": "UTC-04:00"
      },
      {
        "name": "Nipigon",
        "offset": "UTC-04:00"
      },
      {
        "name": "Nome",
        "offset": "UTC-08:00"
      },
      {
        "name": "Noronha",
        "offset": "UTC-02:00"
      },
      {
        "name": "North_Dakota/Beulah",
        "offset": "UTC-05:00"
      },
      {
        "name": "North_Dakota/Center",
        "offset": "UTC-05:00"
      },
      {
        "name": "North_Dakota/New_Salem",
        "offset": "UTC-05:00"
      },
      {
        "name": "Nuuk",
        "offset": "UTC-01:00"
      },
      {
        "name": "Ojinaga",
        "offset": "UTC-05:00"
      },
      {
        "name": "Panama",
        "offset": "UTC-05:00"
      },
      {
        "name": "Pangnirtung",
        "offset": "UTC-04:00"
      },
      {
        "name": "Paramaribo",
        "offset": "UTC-03:00"
      },
      {
        "name": "Phoenix",
        "offset": "UTC-07:00"
      },
      {
        "name": "Port-au-Prince",
        "offset": "UTC-04:00"
      },
      {
        "name": "Port_of_Spain",
        "offset": "UTC-04:00"
      },
      {
        "name": "Porto_Acre",
        "offset": "UTC-05:00"
      },
      {
        "name": "Porto_Velho",
        "offset": "UTC-04:00"
      },
      {
        "name": "Puerto_Rico",
        "offset": "UTC-04:00"
      },
      {
        "name": "Punta_Arenas",
        "offset": "UTC-03:00"
      },
      {
        "name": "Rainy_River",
        "offset": "UTC-05:00"
      },
      {
        "name": "Rankin_Inlet",
        "offset": "UTC-05:00"
      },
      {
        "name": "Recife",
        "offset": "UTC-03:00"
      },
      {
        "name": "Regina",
        "offset": "UTC-06:00"
      },
      {
        "name": "Resolute",
        "offset": "UTC-05:00"
      },
      {
        "name": "Rio_Branco",
        "offset": "UTC-05:00"
      },
      {
        "name": "Rosario",
        "offset": "UTC-03:00"
      },
      {
        "name": "Santa_Isabel",
        "offset": "UTC-07:00"
      },
      {
        "name": "Santarem",
        "offset": "UTC-03:00"
      },
      {
        "name": "Santiago",
        "offset": "UTC-04:00"
      },
      {
        "name": "Santo_Domingo",
        "offset": "UTC-04:00"
      },
      {
        "name": "Sao_Paulo",
        "offset": "UTC-03:00"
      },
      {
        "name": "Scoresbysund",
        "offset": "UTC-01:00"
      },
      {
        "name": "Shiprock",
        "offset": "UTC-06:00"
      },
      {
        "name": "Sitka",
        "offset": "UTC-08:00"
      },
      {
        "name": "St_Barthelemy",
        "offset": "UTC-04:00"
      },
      {
        "name": "St_Johns",
        "offset": "UTC-03:30"
      },
      {
        "name": "St_Kitts",
        "offset": "UTC-04:00"
      },
      {
        "name": "St_Lucia",
        "offset": "UTC-04:00"
      },
      {
        "name": "St_Thomas",
        "offset": "UTC-04:00"
      },
      {
        "name": "St_Vincent",
        "offset": "UTC-04:00"
      },
      {
        "name": "Swift_Current",
        "offset": "UTC-06:00"
      },
      {
        "name": "Tegucigalpa",
        "offset": "UTC-06:00"
      },
      {
        "name": "Thule",
        "offset": "UTC-03:00"
      },
      {
        "name": "Thunder_Bay",
        "offset": "UTC-04:00"
      },
      {
        "name": "Tijuana",
        "offset": "UTC-07:00"
      },
      {
        "name": "Toronto",
        "offset": "UTC-04:00"
      },
      {
        "name": "Tortola",
        "offset": "UTC-04:00"
      },
      {
        "name": "Vancouver",
        "offset": "UTC-07:00"
      },
      {
        "name": "Virgin",
        "offset": "UTC-04:00"
      },
      {
        "name": "Whitehorse",
        "offset": "UTC-07:00"
      },
      {
        "name": "Winnipeg",
        "offset": "UTC-05:00"
      },
      {
        "name": "Yakutat",
        "offset": "UTC-08:00"
      },
      {
        "name": "Yellowknife",
        "offset": "UTC-06:00"
      }
    ],
    "Antarctica": [
      {
        "name": "Casey",
        "offset": "UTC+08:00"
      },
      {
        "name": "Davis",
        "offset": "UTC+07:00"
      },
      {
        "name": "DumontDUrville",
        "offset": "UTC+10:00"
      },
      {
        "name": "Macquarie",
        "offset": "UTC+10:00"
      },
      {
        "name": "Mawson",
        "offset": "UTC+05:00"
      },
      {
        "name": "McMurdo",
        "offset": "UTC+12:00"
      },
      {
        "name": "Palmer",
        "offset": "UTC-03:00"
      },
      {
        "name": "Rothera",
        "offset": "UTC-03:00"
      },
      {
        "name": "South_Pole",
        "offset": "UTC+12:00"
      },
      {
        "name": "Syowa",
        "offset": "UTC+03:00"
      },
      {
        "name": "Troll",
        "offset": "UTC+02:00"
      },
      {
        "name": "Vostok",
        "offset": "UTC+05:00"
      }
    ],
    "Arctic": [
      {
        "name": "Longyearbyen",
        "offset": "UTC+02:00"
      }
    ],
    "Asia": [
      {
        "name": "Aden",
        "offset": "UTC+03:00"
      },
      {
        "name": "Almaty",
        "offset": "UTC+05:00"
      },
      {
        "name": "Amman",
        "offset": "UTC+03:00"
      },
      {
        "name": "Anadyr",
        "offset": "UTC+12:00"
      },
      {
        "name": "Aqtau",
        "offset": "UTC+05:00"
      },
      {
        "name": "Aqtobe",
        "offset": "UTC+05:00"
      },
      {
        "name": "Ashgabat",
        "offset": "UTC+05:00"
      },
      {
        "name": "Ashkhabad",
        "offset": "UTC+05:00"
      },
      {
        "name": "Atyrau",
        "offset": "UTC+05:00"
      },
      {
        "name": "Baghdad",
        "offset": "UTC+03:00"
      },
      {
        "name": "Bahrain",
        "offset": "UTC+03:00"
      },
      {
        "name": "Baku",
        "offset": "UTC+04:00"
      },
      {
        "name": "Bangkok",
        "offset": "UTC+07:00"
      },
      {
        "name": "Barnaul",
        "offset": "UTC+07:00"
      },
      {
        "name": "Beirut",
        "offset": "UTC+03:00"
      },
      {
        "name": "Bishkek",
        "offset": "UTC+06:00"
      },
      {
        "name": "Brunei",
        "offset": "UTC+08:00"
      },
      {
        "name": "Calcutta",
        "offset": "UTC+05:30"
      },
      {
        "name": "Chita",
        "offset": "UTC+09:00"
      },
      {
        "name": "Choibalsan",
        "offset": "UTC+08:00"
      },
      {
        "name": "Chongqing",
        "offset": "UTC+08:00"
      },
      {
        "name": "Chungking",
        "offset": "UTC+08:00"
      },
      {
        "name": "Colombo",
        "offset": "UTC+05:30"
      },
      {
        "name": "Dacca",
        "offset": "UTC+06:00"
      },
      {
        "name": "Damascus",
        "offset": "UTC+03:00"
      },
      {
        "name": "Dhaka",
        "offset": "UTC+06:00"
      },
      {
        "name": "Dili",
        "offset": "UTC+09:00"
      },
      {
        "name": "Dubai",
        "offset": "UTC+04:00"
      },
      {
        "name": "Dushanbe",
        "offset": "UTC+05:00"
      },
      {
        "name": "Famagusta",
        "offset": "UTC+03:00"
      },
      {
        "name": "Gaza",
        "offset": "UTC+03:00"
      },
      {
        "name": "Harbin",
        "offset": "UTC+08:00"
      },
      {
        "name": "Hebron",
        "offset": "UTC+03:00"
      },
      {
        "name": "Ho_Chi_Minh",
        "offset": "UTC+07:00"
      },
      {
        "name": "Hong_Kong",
        "offset": "UTC+08:00"
      },
      {
        "name": "Hovd",
        "offset": "UTC+07:00"
      },
      {
        "name": "Irkutsk",
        "offset": "UTC+08:00"
      },
      {
        "name": "Istanbul",
        "offset": "UTC+03:00"
      },
      {
        "name": "Jakarta",
        "offset": "UTC+07:00"
      },
      {
        "name": "Jayapura",
        "offset": "UTC+09:00"
      },
      {
        "name": "Jerusalem",
        "offset": "UTC+03:00"
      },
      {
        "name": "Kabul",
        "offset": "UTC+04:30"
      },
      {
        "name": "Kamchatka",
        "offset": "UTC+12:00"
      },
      {
        "name": "Karachi",
        "offset": "UTC+05:00"
      },
      {
        "name": "Kashgar",
        "offset": "UTC+06:00"
      },
      {
        "name": "Kathmandu",
        "offset": "UTC+05:45"
      },
      {
        "name": "Katmandu",
        "offset": "UTC+05:45"
      },
      {
        "name": "Khandyga",
        "offset": "UTC+09:00"
      },
      {
        "name": "Kolkata",
        "offset": "UTC+05:30"
      },
      {
        "name": "Krasnoyarsk",
        "offset": "UTC+07:00"
      },
      {
        "name": "Kuala_Lumpur",
        "offset": "UTC+08:00"
      },
      {
        "name": "Kuching",
        "offset": "UTC+08:00"
      },
      {
        "name": "Kuwait",
        "offset": "UTC+03:00"
      },
      {
        "name": "Macao",
        "offset": "UTC+08:00"
      },
      {
        "name": "Macau",
        "offset": "UTC+08:00"
      },
      {
        "name": "Magadan",
        "offset": "UTC+11:00"
      },
      {
        "name": "Makassar",
        "offset": "UTC+08:00"
      },
      {
        "name": "Manila",
        "offset": "UTC+08:00"
      },
      {
        "name": "Muscat",
        "offset": "UTC+04:00"
      },
      {
        "name": "Nicosia",
        "offset": "UTC+03:00"
      },
      {
        "name": "Novokuznetsk",
        "offset": "UTC+07:00"
      },
      {
        "name": "Novosibirsk",
        "offset": "UTC+07:00"
      },
      {
        "name": "Omsk",
        "offset": "UTC+06:00"
      },
      {
        "name": "Oral",
        "offset": "UTC+05:00"
      },
      {
        "name": "Phnom_Penh",
        "offset": "UTC+07:00"
      },
      {
        "name": "Pontianak",
        "offset": "UTC+07:00"
      },
      {
        "name": "Pyongyang",
        "offset": "UTC+09:00"
      },
      {
        "name": "Qatar",
        "offset": "UTC+03:00"
      },
      {
        "name": "Qostanay",
        "offset": "UTC+05:00"
      },
      {
        "name": "Qyzylorda",
        "offset": "UTC+05:00"
      },
      {
        "name": "Rangoon",
        "offset": "UTC+06:30"
      },
      {
        "name": "Riyadh",
        "offset": "UTC+03:00"
      },
      {
        "name": "Saigon",
        "offset": "UTC+07:00"
      },
      {
        "name": "Sakhalin",
        "offset": "UTC+11:00"
      },
      {
        "name": "Samarkand",
        "offset": "UTC+05:00"
      },
      {
        "name": "Seoul",
        "offset": "UTC+09:00"
      },
      {
        "name": "Shanghai",
        "offset": "UTC+08:00"
      },
      {
        "name": "Singapore",
        "offset": "UTC+08:00"
      },
      {
        "name": "Srednekolymsk",
        "offset": "UTC+11:00"
      },
      {
        "name": "Taipei",
        "offset": "UTC+08:00"
      },
      {
        "name": "Tashkent",
        "offset": "UTC+05:00"
      },
      {
        "name": "Tbilisi",
        "offset": "UTC+04:00"
      },
      {
        "name": "Tehran",
        "offset": "UTC+03:30"
      },
      {
        "name": "Tel_Aviv",
        "offset": "UTC+03:00"
      },
      {
        "name": "Thimbu",
        "offset": "UTC+06:00"
      },
      {
        "name": "Thimphu",
        "offset": "UTC+06:00"
      },
      {
        "name": "Tokyo",
        "offset": "UTC+09:00"
      },
      {
        "name": "Tomsk",
        "offset": "UTC+07:00"
      },
      {
        "name": "Ujung_Pandang",
        "offset": "UTC+08:00"
      },
      {
        "name": "Ulaanbaatar",
        "offset": "UTC+08:00"
      },
      {
        "name": "Ulan_Bator",
        "offset": "UTC+08:00"
      },
      {
        "name": "Urumqi",
        "offset": "UTC+06:00"
      },
      {
        "name": "Ust-Nera",
        "offset": "UTC+10:00"
      },
      {
        "name": "Vientiane",
        "offset": "UTC+07:00"
      },
      {
        "name": "Vladivostok",
        "offset": "UTC+10:00"
      },
      {
        "name": "Yakutsk",
        "offset": "UTC+09:00"
      },
      {
        "name": "Yangon",
        "offset": "UTC+06:30"
      },
      {
        "name": "Yekaterinburg",
        "offset": "UTC+05:00"
      },
      {
        "name": "Yerevan",
        "offset": "UTC+04:00"
      }
    ],
    "Atlantic": [
      {
        "name": "Azores",
        "offset": "UTC+00:00"
      },
      {
        "name": "Bermuda",
        "offset": "UTC-03:00"
      },
      {
        "name": "Canary",
        "offset": "UTC+01:00"
      },
      {
        "name": "Cape_Verde",
        "offset": "UTC-01:00"
      },
      {
        "name": "Faeroe",
        "offset": "UTC+01:00"
      },
      {
        "name": "Faroe",
        "offset": "UTC+01:00"
      },
      {
        "name": "Jan_Mayen",
        "offset": "UTC+02:00"
      },
      {
        "name": "Madeira",
        "offset": "UTC+01:00"
      },
      {
        "name": "Reykjavik",
        "offset": "UTC+00:00"
      },
      {
        "name": "South_Georgia",
        "offset": "UTC-02:00"
      },
      {
        "name": "St_Helena",
        "offset": "UTC+00:00"
      },
      {
        "name": "Stanley",
        "offset": "UTC-03:00"
      }
    ],
    "Australia": [
      {
        "name": "ACT",
        "offset": "UTC+10:00"
      },
      {
        "name": "Adelaide",
        "offset": "UTC+09:30"
      },
      {
        "name": "Brisbane",
        "offset": "UTC+10:00"
      },
      {
        "name": "Broken_Hill",
        "offset": "UTC+09:30"
      },
      {
        "name": "Canberra",
        "offset": "UTC+10:00"
      },
      {
        "name": "Currie",
        "offset": "UTC+10:00"
      },
      {
        "name": "Darwin",
        "offset": "UTC+09:30"
      },
      {
        "name": "Eucla",
        "offset": "UTC+08:45"
      },
      {
        "name": "Hobart",
        "offset": "UTC+10:00"
      },
      {
        "name": "LHI",
        "offset": "UTC+10:30"
      },
      {
        "name": "Lindeman",
        "offset": "UTC+10:00"
      },
      {
        "name": "Lord_Howe",
        "offset": "UTC+10:30"
      },
      {
        "name": "Melbourne",
        "offset": "UTC+10:00"
      },
      {
        "name": "NSW",
        "offset": "UTC+10:00"
      },
      {
        "name": "North",
        "offset": "UTC+09:30"
      },
      {
        "name": "Perth",
        "offset": "UTC+08:00"
      },
      {
        "name": "Queensland",
        "offset": "UTC+10:00"
      },
      {
        "name": "South",
        "offset": "UTC+09:30"
      },
      {
        "name": "Sydney",
        "offset": "UTC+10:00"
      },
      {
        "name": "Tasmania",
        "offset": "UTC+10:00"
      },
      {
        "name": "Victoria",
        "offset": "UTC+10:00"
      },
      {
        "name": "West",
        "offset": "UTC+08:00"
      },
      {
        "name": "Yancowinna",
        "offset": "UTC+09:30"
      }
    ],
    "Brazil": [
      {
        "name": "Acre",
        "offset": "UTC-05:00"
      },
      {
        "name": "DeNoronha",
        "offset": "UTC-02:00"
      },
      {
        "name": "East",
        "offset": "UTC-03:00"
      },
      {
        "name": "West",
        "offset": "UTC-04:00"
      }
    ],
    "Canada": [
      {
        "name": "Atlantic",
        "offset": "UTC-03:00"
      },
      {
        "name": "Central",
        "offset": "UTC-05:00"
      },
      {
        "name": "Eastern",
        "offset": "UTC-04:00"
      },
      {
        "name": "Mountain",
        "offset": "UTC-06:00"
      },
      {
        "name": "Newfoundland",
        "offset": "UTC-03:30"
      },
      {
        "name": "Pacific",
        "offset": "UTC-07:00"
      },
      {
        "name": "Saskatchewan",
        "offset": "UTC-06:00"
      },
      {
        "name": "Yukon",
        "offset": "UTC-07:00"
      }
    ],
    "Chile": [
      {
        "name": "Continental",
        "offset": "UTC-04:00"
      },
      {
        "name": "EasterIsland",
        "offset": "UTC-06:00"
      }
    ],
    "Etc": [
      {
        "name": "GMT",
        "offset": "UTC+00:00"
      },
      {
        "name": "GMT+0",
        "offset": "UTC+00:00"
      },
      {
        "name": "GMT+1",
        "offset": "UTC-01:00"
      },
      {
        "name": "GMT+10",
        "offset": "UTC-10:00"
      },
      {
        "name": "GMT+11",
        "offset": "UTC-11:00"
      },
      {
        "name": "GMT+12",
        "offset": "UTC-12:00"
      },
      {
        "name": "GMT+2",
        "offset": "UTC-02:00"
      },
      {
        "name": "GMT+3",
        "offset": "UTC-03:00"
      },
      {
        "name": "GMT+4",
        "offset": "UTC-04:00"
      },
      {
        "name": "GMT+5",
        "offset": "UTC-05:00"
      },
      {
        "name": "GMT+6",
        "offset": "UTC-06:00"
      },
      {
        "name": "GMT+7",
        "offset": "UTC-07:00"
      },
      {
        "name": "GMT+8",
        "offset": "UTC-08:00"
      },
      {
        "name": "GMT+9",
        "offset": "UTC-09:00"
      },
      {
        "name": "GMT-0",
        "offset": "UTC+00:00"
      },
      {
        "name": "GMT-1",
        "offset": "UTC+01:00"
      },
      {
        "name": "GMT-10",
        "offset": "UTC+10:00"
      },
      {
        "name": "GMT-11",
        "offset": "UTC+11:00"
      },
      {
        "name": "GMT-12",
        "offset": "UTC+12:00"
      },
      {
        "name": "GMT-13",
        "offset": "UTC+13:00"
      },
      {
        "name": "GMT-14",
        "offset": "UTC+14:00"
      },
      {
        "name": "GMT-2",
        "offset": "UTC+02:00"
      },
      {
        "name": "GMT-3",
        "offset": "UTC+03:00"
      },
      {
        "name": "GMT-4",
        "offset": "UTC+04:00"
      },
      {
        "name": "GMT-5",
        "offset": "UTC+05:00"
      },
      {
        "name": "GMT-6",
        "offset": "UTC+06:00"
      },
      {
        "name": "GMT-7",
        "offset": "UTC+07:00"
      },
      {
        "name": "GMT-8",
        "offset": "UTC+08:00"
      },
      {
        "name": "GMT-9",
        "offset": "UTC+09:00"
      },
      {
        "name": "GMT0",
        "offset": "UTC+00:00"
      },
      {
        "name": "Greenwich",
        "offset": "UTC+00:00"
      },
      {
        "name": "UCT",
        "offset": "UTC+00:00"
      },
      {
        "name": "UTC",
        "offset": "UTC+00:00"
      },
      {
        "name": "Universal",
        "offset": "UTC+00:00"
      },
      {
        "name": "Zulu",
        "offset": "UTC+00:00"
      }
    ],
    "Europe": [
      {
        "name": "Amsterdam",
        "offset": "UTC+02:00"
      },
      {
        "name": "Andorra",
        "offset": "UTC+02:00"
      },
      {
        "name": "Astrakhan",
        "offset": "UTC+04:00"
      },
      {
        "name": "Athens",
        "offset": "UTC+03:00"
      },
      {
        "name": "Belfast",
        "offset": "UTC+01:00"
      },
      {
        "name": "Belgrade",
        "offset": "UTC+02:00"
      },
      {
        "name": "Berlin",
        "offset": "UTC+02:00"
      },
      {
        "name": "Bratislava",
        "offset": "UTC+02:00"
      },
      {
        "name": "Brussels",
        "offset": "UTC+02:00"
      },
      {
        "name": "Bucharest",
        "offset": "UTC+03:00"
      },
      {
        "name": "Budapest",
        "offset": "UTC+02:00"
      },
      {
        "name": "Busingen",
        "offset": "UTC+02:00"
      },
      {
        "name": "Chisinau",
        "offset": "UTC+03:00"
      },
      {
        "name": "Copenhagen",
        "offset": "UTC+02:00"
      },
      {
        "name": "Dublin",
        "offset": "UTC+01:00"
      },
      {
        "name": "Gibraltar",
        "offset": "UTC+02:00"
      },
      {
        "name": "Guernsey",
        "offset": "UTC+01:00"
      },
      {
        "name": "Helsinki",
        "offset": "UTC+03:00"
      },
      {
        "name": "Isle_of_Man",
        "offset": "UTC+01:00"
      },
      {
        "name": "Istanbul",
        "offset": "UTC+03:00"
      },
      {
        "name": "Jersey",
        "offset": "UTC+01:00"
      },
      {
        "name": "Kaliningrad",
        "offset": "UTC+02:00"
      },
      {
        "name": "Kiev",
        "offset": "UTC+03:00"
      },
      {
        "name": "Kirov",
        "offset": "UTC+03:00"
      },
      {
        "name": "Kyiv",
        "offset": "UTC+03:00"
      },
      {
        "name": "Lisbon",
        "offset": "UTC+01:00"
      },
      {
        "name": "Ljubljana",
        "offset": "UTC+02:00"
      },
      {
        "name": "London",
        "offset": "UTC+01:00"
      },
      {
        "name": "Luxembourg",
        "offset": "UTC+02:00"
      },
      {
        "name": "Madrid",
        "offset": "UTC+02:00"
      },
      {
        "name": "Malta",
        "offset": "UTC+02:00"
      },
      {
        "name": "Mariehamn",
        "offset": "UTC+03:00"
      },
      {
        "name": "Minsk",
        "offset": "UTC+03:00"
      },
      {
        "name": "Monaco",
        "offset": "UTC+02:00"
      },
      {
        "name": "Moscow",
        "offset": "UTC+03:00"
      },
      {
        "name": "Nicosia",
        "offset": "UTC+03:00"
      },
      {
        "name": "Oslo",
        "offset": "UTC+02:00"
      },
      {
        "name": "Paris",
        "offset": "UTC+02:00"
      },
      {
        "name": "Podgorica",
        "offset": "UTC+02:00"
      },
      {
        "name": "Prague",
        "offset": "UTC+02:00"
      },
      {
        "name": "Riga",
        "offset": "UTC+03:00"
      },
      {
        "name": "Rome",
        "offset": "UTC+02:00"
      },
      {
        "name": "Samara",
        "offset": "UTC+04:00"
      },
      {
        "name": "San_Marino",
        "offset": "UTC+02:00"
      },
      {
        "name": "Sarajevo",
        "offset": "UTC+02:00"
      },
      {
        "name": "Saratov",
        "offset": "UTC+04:00"
      },
      {
        "name": "Simferopol",
        "offset": "UTC+03:00"
      },
      {
        "name": "Skopje",
        "offset": "UTC+02:00"
      },
      {
        "name": "Sofia",
        "offset": "UTC+03:00"
      },
      {
        "name": "Stockholm",
        "offset": "UTC+02:00"
      },
      {
        "name": "Tallinn",
        "offset": "UTC+03:00"
      },
      {
        "name": "Tirane",
        "offset": "UTC+02:00"
      },
      {
        "name": "Tiraspol",
        "offset": "UTC+03:00"
      },
      {
        "name": "Ulyanovsk",
        "offset": "UTC+04:00"
      },
      {
        "name": "Uzhgorod",
        "offset": "UTC+03:00"
      },
      {
        "name": "Vaduz",
        "offset": "UTC+02:00"
      },
      {
        "name": "Vatican",
        "offset": "UTC+02:00"
      },
      {
        "name": "Vienna",
        "offset": "UTC+02:00"
      },
      {
        "name": "Vilnius",
        "offset": "UTC+03:00"
      },
      {
        "name": "Volgograd",
        "offset": "UTC+03:00"
      },
      {
        "name": "Warsaw",
        "offset": "UTC+02:00"
      },
      {
        "name": "Zagreb",
        "offset": "UTC+02:00"
      },
      {
        "name": "Zaporozhye",
        "offset": "UTC+03:00"
      },
      {
        "name": "Zurich",
        "offset": "UTC+02:00"
      }
    ],
    "Indian": [
      {
        "name": "Antananarivo",
        "offset": "UTC+03:00"
      },
      {
        "name": "Chagos",
        "offset": "UTC+06:00"
      },
      {
        "name": "Christmas",
        "offset": "UTC+07:00"
      },
      {
        "name": "Cocos",
        "offset": "UTC+06:30"
      },
      {
        "name": "Comoro",
        "offset": "UTC+03:00"
      },
      {
        "name": "Kerguelen",
        "offset": "UTC+05:00"
      },
      {
        "name": "Mahe",
        "offset": "UTC+04:00"
      },
      {
        "name": "Maldives",
        "offset": "UTC+05:00"
      },
      {
        "name": "Mauritius",
        "offset": "UTC+04:00"
      },
      {
        "name": "Mayotte",
        "offset": "UTC+03:00"
      },
      {
        "name": "Reunion",
        "offset": "UTC+04:00"
      }
    ],
    "Mexico": [
      {
        "name": "BajaNorte",
        "offset": "UTC-07:00"
      },
      {
        "name": "BajaSur",
        "offset": "UTC-07:00"
      },
      {
        "name": "General",
        "offset": "UTC-06:00"
      }
    ],
    "Pacific": [
      {
        "name": "Apia",
        "offset": "UTC+13:00"
      },
      {
        "name": "Auckland",
        "offset": "UTC+12:00"
      },
      {
        "name": "Bougainville",
        "offset": "UTC+11:00"
      },
      {
        "name": "Chatham",
        "offset": "UTC+12:45"
      },
      {
        "name": "Chuuk",
        "offset": "UTC+10:00"
      },
      {
        "name": "Easter",
        "offset": "UTC-06:00"
      },
      {
        "name": "Efate",
        "offset": "UTC+11:00"
      },
      {
        "name": "Enderbury",
        "offset": "UTC+13:00"
      },
      {
        "name": "Fakaofo",
        "offset": "UTC+13:00"
      },
      {
        "name": "Fiji",
        "offset": "UTC+12:00"
      },
      {
        "name": "Funafuti",
        "offset": "UTC+12:00"
      },
      {
        "name": "Galapagos",
        "offset": "UTC-06:00"
      },
      {
        "name": "Gambier",
        "offset": "UTC-09:00"
      },
      {
        "name": "Guadalcanal",
        "offset": "UTC+11:00"
      },
      {
        "name": "Guam",
        "offset": "UTC+10:00"
      },
      {
        "name": "Honolulu",
        "offset": "UTC-10:00"
      },
      {
        "name": "Johnston",
        "offset": "UTC-10:00"
      },
      {
        "name": "Kanton",
        "offset": "UTC+13:00"
      },
      {
        "name": "Kiritimati",
        "offset": "UTC+14:00"
      },
      {
        "name": "Kosrae",
        "offset": "UTC+11:00"
      },
      {
        "name": "Kwajalein",
        "offset": "UTC+12:00"
      },
      {
        "name": "Majuro",
        "offset": "UTC+12:00"
      },
      {
        "name": "Marquesas",
        "offset": "UTC-10:30"
      },
      {
        "name": "Midway",
        "offset": "UTC-11:00"
      },
      {
        "name": "Nauru",
        "offset": "UTC+12:00"
      },
      {
        "name": "Niue",
        "offset": "UTC-11:00"
      },
      {
        "name": "Norfolk",
        "offset": "UTC+11:00"
      },
      {
        "name": "Noumea",
        "offset": "UTC+11:00"
      },
      {
        "name": "Pago_Pago",
        "offset": "UTC-11:00"
      },
      {
        "name": "Palau",
        "offset": "UTC+09:00"
      },
      {
        "name": "Pitcairn",
        "offset": "UTC-08:00"
      },
      {
        "name": "Pohnpei",
        "offset": "UTC+11:00"
      },
      {
        "name": "Ponape",
        "offset": "UTC+11:00"
      },
      {
        "name": "Port_Moresby",
        "offset": "UTC+10:00"
      },
      {
        "name": "Rarotonga",
        "offset": "UTC-10:00"
      },
      {
        "name": "Saipan",
        "offset": "UTC+10:00"
      },
      {
        "name": "Samoa",
        "offset": "UTC-11:00"
      },
      {
        "name": "Tahiti",
        "offset": "UTC-10:00"
      },
      {
        "name": "Tarawa",
        "offset": "UTC+12:00"
      },
      {
        "name": "Tongatapu",
        "offset": "UTC+13:00"
      },
      {
        "name": "Truk",
        "offset": "UTC+10:00"
      },
      {
        "name": "Wake",
        "offset": "UTC+12:00"
      },
      {
        "name": "Wallis",
        "offset": "UTC+12:00"
      },
      {
        "name": "Yap",
        "offset": "UTC+10:00"
      }
    ],
    "US": [
      {
        "name": "Alaska",
        "offset": "UTC-08:00"
      },
      {
        "name": "Aleutian",
        "offset": "UTC-09:00"
      },
      {
        "name": "Arizona",
        "offset": "UTC-07:00"
      },
      {
        "name": "Central",
        "offset": "UTC-05:00"
      },
      {
        "name": "East-Indiana",
        "offset": "UTC-04:00"
      },
      {
        "name": "Eastern",
        "offset": "UTC-04:00"
      },
      {
        "name": "Hawaii",
        "offset": "UTC-10:00"
      },
      {
        "name": "Indiana-Starke",
        "offset": "UTC-05:00"
      },
      {
        "name": "Michigan",
        "offset": "UTC-04:00"
      },
      {
        "name": "Mountain",
        "offset": "UTC-06:00"
      },
      {
        "name": "Pacific",
        "offset": "UTC-07:00"
      },
      {
        "name": "Samoa",
        "offset": "UTC-11:00"
      }
    ]
  }